nif;nombre;apellido
18596463C;Daniel;Carrasco
56064815S;Jaume;Vara
76737195H;David;Gea
79798615T;Jos‚;Jim‚nez
21105010A;Andr‚s;Abad
99416410Z;Manuel;Martin
28849561V;Carlos;Moreno
62171636Z;Juan Antonio;Herrero
66107134M;Laura;Fern ndez
82444534E;Vicente;Marfil
65213916S;Roberto;Leal
40951297G;Mar¡a Rosario;Moyano
94966453M;Isabel;Ni¤o
46769641S;Elena;Moreno
43714192R;Jes£s;Ortega
72234410N;Alberto;Mateu
16571036L;Mar¡a;Belles
55351524T;Mimoun;Padilla
22724233A;Jos‚ Carlos;Sabater
23866934H;Mar¡a Carmen;Gonz lez
84155724N;Alejandro;Rodrigues
88773581K;Alberto;Andrada
30892235S;Mar¡a;Moure
53779192V;Antonia;Racionero
18576272T;Manuel;Digon
98998484K;Jos‚ Antonio;Lara
33198849M;Juan Jos‚;Ale
16440702A;Mar¡a;G¢mez
54362117F;Sergio;Martin
31246716C;àscar;Rosell¢
32384155V;Ana;G¢mez
15597255N;Eduardo;Jim‚nez
60747587X;Jos‚ Antonio;Palomar
37852310Z;Mar¡a;Plaza
90293487H;Adri n;Rodr¡guez
26718042T;Mar¡a Carmen;Men‚ndez
70039569S;Francesc;Singh
55335222M;Rafael;Lia¤o
98865280X;Cristina;Tena
27436836K;M¢nica;Plaza
67465856W;Francisco Javier;Melero
53457247A;Mar¡a Jos‚;Granada
91073361P;Rafael;G zquez
17496688J;Jos‚ Antonio;Suarez
19616947V;Sergio;Manaila
43664770Y;Emilio;Raposo
95186239A;Sergio;Bernal
27633035F;Mar¡a;De los Reyes
93334876W;Mar¡a Dolores;Jim‚nez
68147056B;David;P‚rez
41377848C;Sara;Rela¤o
46333412G;Mar¡a Isabel;Roldan
99990762X;Carlos;Rodr¡guez
10601817J;Carmen;Ying
96419626S;Ana;Belda
24165416Y;Samuel;Rodr¡guez
10449216V;Jordi;Blanco
83158962R;Paula;Espinosa
66778057H;Ana Mar¡a;L¢pez
25078198X;Mar¡a Dolores;L¢pez
56638861G;Mar¡a Dolores;Arranz
54806371Q;Mar¡a Isabel;Escudero
68707595V;Mar¡a Carmen;Prieto
39657683W;M¢nica;Soler
30063561P;Beatriz;Ahmed
52789323E;Jos‚;Ure¤a
98828507Z;Mar¡a Isabel;Ruiz
89304965J;Francisco Javier;Gonz lez
63639008D;Mar¡a Jos‚;Jim‚nez
97206591N;Miguel µngel;Zayas
88044643E;Alberto;Rodr¡guez
55171650D;Mar¡a Jes£s;Iglesias
37565249Q;Santiago;Galera
25236095N;Francisco Javier;Hermo
85786244Q;Juana Mar¡a;Turpin
40971762E;Rafael;Jim‚nez
15682152Q;Carmen;Calleja
53461619M;Ra£l;Cachafeiro
42827937M;Andrea;Hern ndez
31287131R;David;Vilar
97075281D;Iria;Estrada
86534983J;Mar¡a Carmen;Irala
35332702X;Concepci¢n;Navarrete
13194087E;Ascensi¢n;Salto
89329695H;Ra£l;Carrasco
74102123X;Jaume;Cacho
33445677C;Mercedes;Ram¡rez
80898149L;Mar¡a;Briongos
87813876Z;Teresa;L¢pez
19735201M;Miguel;Porteiro
50186496J;Raquel;Arcos
25849886W;Jos‚ Antonio;Rodr¡guez
73313404F;Jos‚;Jim‚nez
32440497D;Ana Bel‚n;Mena
50585148Y;Manuel;Morillo
83621889F;µngela;Monllor
83465978J;David;Bensaad
81167320K;Josep;Mu¤oz
89924630N;Jos‚ Mar¡a;De Jes£s
50635504S;Carlos;Mart¡nez
84859412S;Francisco;Arranz
83843740T;Silvia;Rodr¡guez
63915292V;Andr‚s;Gonz lez
14804614C;Francisco Javier;Viamonte
66589213G;Eva;Maestre
60121742H;Jos‚;Vega
42912866H;Sara;Blanco
82449625F;Mar¡a;Moreno
73776042T;Manuel;Alsina
84914516B;Montserrat;Morales
43064910D;Diego;Lucas
89432187E;Juan;De Arriba
79792891A;Rub‚n;Alfonsin
76451057T;Juan;Ram¡rez
63027132W;Sergio;L¢pez
88771178X;Mar¡a;Rodr¡guez
72247451N;Jos‚ Manuel;D¡az
12988694L;Vicente;Coronel
55175577A;Mar¡a Carmen;Vi¤as
86046113P;Antonia;Calo
67189808T;Mar¡a Jos‚;Vald‚s
87401261L;Dolores;Moreno
23243685T;Rosario;Franco
15636860B;Mar¡a Teresa;Trujillo
16310626S;Ana Mar¡a;Romero
94101446M;Eduardo;Gallego
26764348F;Mar¡a Pilar;P‚rez
91443442L;David;Molina
45026999Z;David;Escribano
15840799D;Esther;Soler
78986946R;Mar¡a Teresa;Ferrando
67955654S;Raquel;Rodr¡guez
85968822C;David;Ledesma
16434458S;Luis;µlvarez
12881464S;Julia;Toapanta
93322109T;Manuel;Mayor
11528279N;Remedios;µlvarez
46235790V;µngel;Godoy
37469907D;Ra£l;Gil
51018507E;Mar¡a µngeles;Benavides
43312681R;Pedro;Mel‚ndez
61547701T;Santiago;Ortega
72459995J;Ana;Salas
37614859S;Jos‚ Luis;Mu¤oz
32922657C;Laura;Jim‚nez
77443088H;Jos‚;Tortajada
26319251Y;Eneko;Ivanova
41607810M;Antonia;De Miguel
77674906L;Ra£l;Xu
94332406E;Isabel;Filip
68135759F;Miguel µngel;Au¤on
12832498Q;Mar¡a Carmen;Monserrat
57095164X;Isabel;Sol¡s
13088392N;Rosa Mar¡a;Ruiz
14956421G;Carmen;G¢mez
61231688F;Francisco;Soussi
75403864C;Cristina;Gonz lez
69775522P;µngel;Moreno
14244080L;Inmaculada;Torrico
71661732B;Jos‚;Serna
74067217H;Rafael;Ben¡tez
95343325E;Santiago;Vargas
34263525B;Concepci¢n;Vives
72504830K;Mar¡a Carmen;Caldes
97553868N;Jos‚ Luis;P‚rez
63977257C;Alejandro;Mu¤oz
73282033P;Iv n;Tora¤o
63023672S;Juan Carlos;Bucarat
19863265M;Ana Bel‚n;Portillo
70973885W;Juana Mar¡a;Bra¤a
99147599G;Manuela;D¡az
82782294G;Juan;Zhou
44310629W;Jos‚ Luis;Cobos
77055504F;Pedro;Marchante
65550823H;Mar¡a Pilar;Montilla
17574381N;Inmaculada;Gonz lez
71525513K;Marta;Luna
37059197X;Teresa;Mu¤oz
55553661J;Mar¡a Carmen;Echarte
64541127E;Francisco;Tordable
35965725G;Juan Jos‚;Sol¡s
83868551V;Mar¡a µngeles;Mu¤oz
13664020L;Cristina;Tirado
45530927N;Domingo;Mateos
49846661A;Jos‚ Manuel;Mo¤ino
55295713X;Rafael;Fern ndez
96670455Y;Marta;El Alami
38856400Q;Francisco;Romero
41891272S;Manuel;Lobo
41524415P;Sergio;Sola
79996519N;Jes£s;Lozano
15553588E;Diego;S nchez
36489099J;Juan Antonio;Rosell¢
71157852S;Paula;Zamora
61771118H;Yolanda;Men‚ndez
10746614W;Mar¡a Pilar;µvila
95228210E;Antonio Jes£s;Gil
22717280L;David;Corado
97353566V;Juli n;Carbonell
57623093C;Beatriz;Hernando
11314368R;Daniel;Gil
26560854V;Jos‚;S nchez
72170718F;Andr‚s;Rodr¡guez
70431842T;Carmen;Gago
56010624N;Mariano;Balladares
43058220N;Jos‚ Manuel;Morales
16127152N;Mar¡a µngeles;Rodr¡guez
69099004N;Rosa Mar¡a;Justo
44668635J;Juan Jos‚;Remirez
63522257Y;Jes£s;Feijoo
97998085F;Francisco Javier;Pe¤uelas
49304055J;Isabel;Olias
62345706C;Javier;G lvez
64101620E;Mar¡a Victoria;Cuellar
18713708B;Jos‚ Miguel;S enz
28616574C;Carlos;V zquez
59922239V;Mar¡a;Mej¡as
85873030T;Jos‚;Comendador
24296887D;Jos‚;G¢mez
17502594P;Jos‚ Luis;Mu¤oa
39447264X;Mar¡a Dolores;Guillen
99176663L;Francisco;Hueso
18682294S;Beatriz;Ballester
28620924T;Sergio;Costa
79727472L;Cristina;Vaduva
37668230A;Fernando;M£gica
87942520L;Sonia;Vel squez
85955722F;Mar¡a;Herrero
17390612J;Fernando;Molina
69580144S;Ignacio;Ruiz
16345248E;Pedro;Peydro
38307980P;Jorge;Nebot
76458149P;Mar¡a Jos‚;Rey
29607307M;Daniel;Pujante
14966549N;Mar¡a Luisa;S nchez
19803946A;Juan;Arrieta
55279341Z;Rosario;Merino
16932748X;Ana Mar¡a;Duocastella
53980749W;Elena;Albores
51542139J;Antonia;Osuna
37757397E;Sergio;Mendiz bal
69433208A;Pedro;Orquin
84507179G;Andr‚s;Acevedo
18599741D;Pedro;Alfaro
89420713W;Francisca;Lasarte
96889522K;Jos‚ Manuel;Jorda
74673482A;Jos‚ Manuel;L¢pez
16035871H;Francisca;Pumares
95648421T;Emilio;Pascal
78526958J;Josefa;Estremera
25578184E;Jes£s Mar¡a;G¢mez
54939687R;Dolores;Rubio
41891738K;Francisca;Alcalde
80479966E;Vicente;Franco
80920149P;Jorge;S nchez
51255523T;Laura;Bayarri
82611045J;Juan;Casas
54967759J;Rafael;Mu¤oz
22153823Q;Ana;L¢pez
73996766Q;Rafael;Torres
51304736Q;Mar¡a;Palaz¢n
62193684M;Paula;Pedrido
79918107F;Jos‚;µlvarez
51187840Y;àscar;Mar¡n
96170840C;Roc¡o;Bernat
10873842V;Jos‚ Mar¡a;Baamonde
18069388J;Enrique;Llerandi
51926215N;Pilar;Corral
64526723Q;Sara;De Le¢n
46259560M;Mar¡a Amparo;Aliaga
98998908P;Mar¡a Isabel;Tomoiaga
28886388K;Albert;Korta
73509484N;Francisco;G¢mez
15183755Y;Mar¡a Carmen;Fern ndez
95356838B;Juan Carlos;Pichel
57291314Q;Cristina;Barra
35209149J;Miguel;Gallego
17732856V;µngel;Mendoza
14600712J;Ignacio;Dragan
88435725N;Alicia;Rodr¡guez
62455639J;Mar¡a Jos‚;Rodr¡guez
52491270A;Daniel;Pizarro
90261746V;Miguel;Quindos
67144307Q;Manuela;Querol
41442458T;David;Ruiz
96199921Y;Mar¡a µngeles;Vel zquez
70517485Z;Jos‚ Luis;Alfonso
61960015Q;Francisco;Ruiz
17262445W;Mar¡a Rosario;Granados
54231981M;Santiago;S nchez
23097580Z;Juana;Moreda
45613539P;Miguel;Hern ndez
73622561K;Juana;Ferro
18921756R;Dolores;Agra
41555695P;Juan Carlos;Ortiz
83107549Q;Rafael;Gonz lez
25641376X;Mar¡a Jos‚;Alarc¢n
97118138V;Jos‚;Roig
43637341Q;Ana Mar¡a;Ponce
97232126V;Mar¡a Dolores;Concellon
